asset_id,computer_id,type,manufacturer,model,name,year,specs,condition,source,acquired_date,image,url,summary,notes,disposed,disk_image
RH-0002,RH-0001,floppy,Generic,,3.5-inch 1.44 MB floppy drive,,Media: 3.5-inch 1.44 MB | Interface: 34-pin floppy,Working,,,parts/RH-0002.jpg,,,,,
RH-0003,RH-0001,ram,Generic,,Generic RAM,,Size: 2048 KB,Working,,,,,,,,
RH-0004,RH-0001,gpu,Generic,,Generic VGA,,Type: VGA | Memory: 256 KB,Working,,,,,,,,
RH-0006,RH-0005,ram,Generic,,Generic RAM,,Size: 640 KB,Working,,,,,,,,
RH-0007,RH-0005,gpu,Generic,,Generic VGA,,Type: VGA | Memory: 256 KB,Working,,,,,,,,
RH-0008,RH-0005,floppy,Generic,,3.5-inch 1.44 MB floppy drive,,Media: 3.5-inch 1.44 MB | Interface: 34-pin floppy,Working,,,,,,,,
RH-0009,RH-0005,psu,Generic,,Generic power supply,,Form factor: AT,Working,,,,,,,,
RH-0011,RH-0010,ram,Generic,,Generic RAM,,Size: 16384 KB,Working,,,,,,,,
RH-0012,RH-0010,storage,Conner,CP30544,,1992,Interface: IDE | Protocol: ATA,Working,ebay 22-14789-40823,23/06/2026,,,,,,/public/_disk_images/compaq-luggable-486-66-raw.img
RH-0013,RH-0010,floppy,Generic,,3.5-inch 1.44 MB floppy drive,,Media: 3.5-inch 1.44 MB | Interface: 34-pin floppy,Working,,,,,,,,
RH-0014,,storage,Seagate,ST31276A,,1997,Interface: IDE | Protocol: ATA | Capacity: 1275 MB,Working,,,parts/RH-0014.jpg,,,,,
RH-0015,,io,Pine Technology,PT-628B,,1995,"2 x serial, 1 x game, 1 x floppy, 2 x HDD | Interface: VLB",Working,Pete Crossley,01/01/2025,parts/RH-0015.jpg,,,Vesa local bus interface,,
RH-0016,,storage,Quantum,Trailblazer TMS850A,,1995,840MB | Interface: IDE | Protocol: ATA | Capacity: 840MB | CHS: 1647/16/63,Working,,,,,,,,/public/_disk_images/TMS850A-SDA1.img
RH-0017,,storage,Conner,CFA540A,,1994,Interface: IDE | Protocol: ATA | Capacity: 525MB | CHS: 1024/16/63,Working,,,,,,,,/public/_disk_images/conner-cfa540a.img
RH-0018,,io,Compaq,000957,,1988,Interface: 16-bit ISA,Working,,,parts/RH-0018.jpg,,"Compaq combo controller (floppy, parallel, serial and MFM 'Winchester' hard disk) for AT-class Deskpro machines, using a Zilog floppy controller. 16-bit ISA.",,,
RH-0019,,io,Pine Technology,PT-606G,,1995,Chip: UMC UM82C863F + UM82C865F | Interface: 16-bit ISA,Working,,,parts/RH-0019.jpg,,"Pine Technology multi-I/O card on the UMC UM82C863F/UM82C865F chipset - IDE, floppy, two serial, parallel and game ports for 486/Pentium PCs. 16-bit ISA.",,,
RH-0020,,io,ECS,CI-90,,1991,Chip: Acer M5105 | Interface: 16-bit ISA,Working,,,parts/RH-0020.jpg,,"ECS (EliteGroup) multi-I/O controller built around an Acer M5105 super-I/O chip - disk, serial, parallel and game ports for 386/486 systems. 16-bit ISA.",,,
RH-0021,,io,Adaptec,AHA-2940,,1997,Interface: PCI,Working,,,parts/RH-0021.jpg,,,,,
RH-0022,,storage,Western Digital,Caviar 2635,,1996,Interface: IDE | Protocol: ATA | Capacity: 640MB | CHS: 1240/16/63,Working,,,parts/RH-0022.jpg,,,,,/public/_disk_images/WD-Caviar-2635.img
RH-0023,,io,Silicon Valley Computer,ADP20L,,1991,Interface: 8-bit ISA,Working,,,parts/RH-0023.jpg,,"Silicon Valley Computer ADP20L - an 8-bit ISA IDE and floppy controller, prized for adding AT-style IDE hard drives to PC/XT-class 8-bit machines.",,,
RH-0024,,io,TMC/MyComp/MyNix/Megastar,IFSP,,1992,Chip: SiS 82C452 | Interface: 16-bit ISA,Working,,,parts/RH-0024.jpg,,"TMC 'IFSP' multi-I/O card using a SiS 82C452 controller - IDE, floppy, serial and parallel ports for 386/486 PCs. 16-bit ISA.",,,
RH-0025,,io,Silicon Valley Computer,ADP20L,,1991,Interface: 8-bit ISA,Working,,,parts/RH-0025.jpg,,"Silicon Valley Computer ADP20L - an 8-bit ISA IDE and floppy controller, prized for adding AT-style IDE hard drives to PC/XT-class 8-bit machines.",,,
RH-0026,,io,Pine Technology,PT-628A,,1995,Interface: VLB,Working,,,parts/RH-0026.jpg,,,,,
RH-0027,,storage,Quantum,ProDrive LPS 52A,,1991,Interface: IDE | Protocol: ATA | Capacity: 50MB | CHS: 571/8/17,Working,,,parts/RH-0027.jpg,,,,,/public/_disk_images/Quantum-ProDrive-LPS.img
RH-0028,,storage,Seagate,SRD3080C,,1990,Interface: IDE | Protocol: ATA | Capacity: 80MB | CHS: 822/4/51,Working,,,,,,Branded Amstrad and Sony,,/public/_disk_images/Sony-Seagate-SRD3080C.img
RH-0029,,storage,Maxtor,7040AT,,1991,Interface: IDE | Protocol: ATA | Capacity: 40MB | CHS: 981/5/17,Working,,,parts/RH-0029.jpg,,,"ddrescue took a couple of tries, i expect this drive is failing.",,/public/_disk_images/Maxtor-7040AT.img
RH-0030,,storage,Seagate,ST3144A,,1993,Interface: IDE | Protocol: ATA | Capacity: 112MB | CHS: 1001/15/17,Working,Was installed in Pigeon Poo Hyundai from TME Matt,09/05/2026,parts/RH-0030.jpg,,,This one has Novell Netware installed.,,/public/_disk_images/Seagate-ST3144A-Netware.img
RH-0031,,storage,Seagate,ST3144A,,1993,Interface: IDE | Protocol: ATA | Capacity: 112MB | CHS: 1001/15/17,Working,Was installed in Pigeon Poo Hyundai from TME Matt,09/05/2026,parts/RH-0031.jpg,,,This one has Novell Netware installed on the second partition (SDA2),,/public/_disk_images/Seagate-ST3144A-Netware3.img
RH-0032,,io,Longshine,LCS-6954,,1995,Interface: VLB,Working,,,parts/RH-0032.jpg,,,missing de9 serial connector,,
RH-0033,,io,Western Digital,WD1003V-MM1,,1989,Interface: 16-bit ISA,Working,,,parts/RH-0033.jpg,,,,,
RH-0034,,io,Generic,Super IO SIO-19A,,1993,Interface: ISA,Working,,,,,,,,
RH-0035,,io,Longshine,LCS-6624G,,1994,Chip: Winbond W83757F + W83758P | Interface: 16-bit ISA,Working,,,parts/RH-0035.jpg,,"Longshine LCS-6624G multi-I/O card on the Winbond W83757F/W83758P chipset - IDE, floppy, two serial, parallel and game ports. 16-bit ISA.",,,
RH-0036,,io,Pine Technology,PT-606,,1993,"Chip: UMC UM82C863F + UM82C865F | Interface: 16-bit ISA | Ports: IDE, Floppy, 2× Serial, Parallel, Game",Working,,,parts/RH-0036.jpg,,"Pine Technology PT-606 multi-I/O card (UMC UM82C863F/UM82C865F) - IDE, floppy, serial, parallel and game ports. 16-bit ISA.",,,
RH-0037,,other,VIP,CSCA 1831000,,1989,RTC Card,Working,,,,,,,,
RH-0038,,io,Techway,8W5241,,1989,Interface: ISA | Ports: Floppy,Working,,,,,,,,
RH-0039,,io,"Peripherals Enterprise CO., LTD.",GW202,,1989,"Chip: SiS 82C11 | Interface: 8-bit ISA | Ports: Floppy, 2× Serial, Parallel, Game",Working,,,parts/RH-0039.jpg,,Multifunction serial/parallel/game card with a battery-backed real-time clock (SiS 82C11 + MM58167) for PC/XT/AT systems. 8-bit ISA.,has RTC & battery CR2032,,
RH-0040,,io,VIP,SCA/2,,1987,Interface: ISA | Ports: Serial,Working,,,,,,,,
RH-0041,,io,Iwill,SIDE-2930C,,2000,Interface: PCI | Ports: 2× SCSI,Working,,,,,,,,
RH-0042,,io,VScom,ZEON2,,,"Interface: PCI | Ports: 2× Serial, Parallel",Working,,,,,,,,
RH-0043,,io,,CL-PCIVT6421E,,2008,"Interface: PCI | Ports: IDE, 3× SATA",Working,,,,,,,,
RH-0044,,io,Kentech Computer,IDE Plus V5L,,1995,"Chip: Winbond W83757AF + W83758P | Interface: 16-bit ISA | Ports: IDE, Floppy, 2× Serial, Parallel, Game",Working,,,parts/RH-0044.jpg,,"Kentech 'IDE Plus V5L' multi-I/O card on the Winbond W83757AF/W83758P chipset - IDE, floppy, serial and parallel ports. 16-bit ISA.",,,
RH-0045,,io,Adaptec,AHA-1540CF,,1994,"Interface: 16-bit ISA | Ports: 2× SCSI, Floppy",Working,Cambridge computer club freebie box.,,parts/RH-0045.jpg,,,,,
RH-0046,,io,IBM,Serial/Parallel Adapter,,1983,"Interface: 8-bit ISA | Ports: Serial, Parallel",Working,,,parts/RH-0046.jpg,,,,,
RH-0047,,io,Gold Star,Prime 2,,1992,"Interface: ISA | Ports: IDE, Floppy, 2× Serial, Game",Working,,,,,,,,
RH-0048,,io,Transteque,HC-101-A1,,1984,Interface: ISA | Ports: 2× MFM,Working,,,,,,,,
RH-0049,,io,IBM,Serial/Parallel,,1985,"Interface: 8-bit ISA | Ports: Serial, Parallel",Working,,,parts/RH-0049.jpg,,,,,
RH-0050,,io,Brainboxes,AT Quad RS232 POS,,1998,Interface: 16-bit ISA | Ports: 4× Serial,Working,,,parts/RH-0050.jpg,,,,,
RH-0051,,io,DTK,PTI-255W,,1995,"Interface: VLB | Ports: 2× IDE, Floppy, 2× Serial, Parallel, Game",Working,,,parts/RH-0051.jpg,,,,,
RH-0052,,io,Adaptec,AVA-1505AE,,1997,Interface: 16-bit ISA | Ports: SCSI,Working,,,parts/RH-0052.jpg,,,,,
RH-0053,,io,Everex,EV-170,,1990,"Interface: 8-bit ISA | Ports: 2× Serial, Parallel",Working,,,parts/RH-0053.jpg,,"Everex EV-170 multifunction card - serial, parallel and game ports plus a battery-backed MM58167 real-time clock for PC/XT/AT systems. 8-bit ISA.",Has RTC,,
RH-0054,,motherboard,Arnos,AR810 3/486,,1993,"Chipset: Sirius AR810 | Socket: PGA168, PGA132 | Form factor: Baby AT | RAM slots: 8× 30-pin SIMM | Slots: 2× 8-bit ISA, 6× 16-bit ISA | Cache: 256KB | BIOS: AMI 1992",Working,Stephen Usher,17/06/2026,parts/RH-0054.jpg,,,386 and 486 combo. Lovely!,,
RH-0055,,motherboard,IBM,PC Type 5150 1817030 XM 503,,1982,Socket: DIP40 | Form factor: AT | Slots: 5× 8-bit ISA | BIOS: IBM,Faulty,Stephen Usher,17/06/2026,parts/RH-0055.jpg,,,,,
RH-0056,,motherboard,IBM,PC Type 5150 6137403,,1986,64-256KB | Socket: DIP40 | Form factor: AT | Slots: 5× 8-bit ISA | BIOS: IBM,Faulty,Stephen Usher,17/06/2026,parts/RH-0056.jpg,,,64-256KB,,
RH-0057,,motherboard,Tyan,Tomcat S1564S,,1997,"Chipset: Intel 430HX (PCIset HX Triton II) | Socket: Socket 7 | Form factor: AT | RAM slots: 8× 72-pin SIMM | Slots: 5× 16-bit ISA, 4× PCI | Cache: 512KB | BIOS: Award",Working,Stephen Usher,17/06/2026,parts/RH-0057.jpg,,,,,
RH-0058,,motherboard,Tyan Computer Corp.,Tomcat S1563,,1996,"Chipset: Intel 430HX (PCIset HX Triton II) | Socket: Socket 7 | Form factor: AT | RAM slots: 8× 72-pin SIMM | Slots: 5× 16-bit ISA, 4× PCI | Cache: 512KB | BIOS: Award",Working,Stephen Usher,17/06/2026,parts/RH-0058.jpg,,,,,
RH-0059,,motherboard,Kaimei,8517,,1993,Chipset: Ali M1217 | Form factor: Baby-AT | RAM slots: 4× 30-pin SIMM | Slots: 6× 16-bit ISA | BIOS: AMI,Working,,,parts/RH-0059.jpg,,,,,
RH-0060,,motherboard,IBM,"PS/2 Model 80 (8580-041, 071) (Type 1 Planar)",,1987,Chipset: IBM 72X8287 | Socket: PGA132 | Form factor: proprietary | Slots: 8× MCA | BIOS: IBM,Faulty,Facebook marketplace,2026,parts/RH-0060.jpg,,,,,
RH-0061,,motherboard,MG Product,PC-AT-286-A,,1990,"Chipset: G-2 GC101/GC102/GC103 (12/16MHz PC/AT Compatible Chip Set + EMS 4.0) | Form factor: Baby-AT | Slots: 8-bit ISA, 5× 16-bit ISA | BIOS: Quadtel",Partially working,Lee Smith,,parts/RH-0061.jpg,,,Missing 8-bit ISA slot. Battery damaged. Lee got it all working except for DMA.,,
RH-0062,,motherboard,IBM,PC (TYPE 5150) 64-256KB 6181685,,1984,Socket: DIP/soldered | Form factor: AT | Slots: 5× 8-bit ISA | BIOS: IBM,Faulty,Farm,,parts/RH-0062.jpg,,,,,
RH-0063,,motherboard,IBM,PC (TYPE 5150) 64-256KB 1501480,,1983,Socket: DIP/soldered | Form factor: AT | Slots: 5× 8-bit ISA | BIOS: IBM,Faulty,Farm,,parts/RH-0063.jpg,,,,,
RH-0064,,motherboard,ECS,UM4980 Ver: 1.1,,1994,"Chipset: UMC UM8498/8496 (486 VL Chipset ""Super Energy Star Green"") | Socket: Socket 3 | Form factor: Baby-AT | RAM slots: 4× 72-pin SIMM | Slots: 8-bit ISA, 4× 16-bit ISA, 3× VLB | Cache: 256KB | BIOS: Phoenix",Working,,,parts/RH-0064.jpg,,,,,
RH-0065,,motherboard,IBM,PC (TYPE 5150) 64-256KB,,1984,Socket: DIP/soldered | Form factor: AT | Slots: 5× 8-bit ISA | BIOS: IBM,Partially working,,,parts/RH-0065.jpg,,,keyboard issues,,
RH-0066,,motherboard,Portwell,ROBO-608V,,1999,"Chipset: Intel 440BX (Seattle) | Socket: PGA370 | Form factor: Card | RAM slots: 4× 168-pin DIMM | Slots: 16-bit ISA, VLB | BIOS: AMI",Working,,,parts/RH-0066.jpg,,,,,
RH-0067,,motherboard,IEI,Kino 945GSE,,2011,Chipset: Intel® 945GSE + ICH7M | Socket: DIP/soldered | Form factor: ATX | Slots: PCI,Working,,,,,,,,
RH-0068,,motherboard,Advantech,PCA-6108P4 (Rev. 0C2),,,"Form factor: proprietary | Slots: 5× 16-bit ISA, 4× PCI",Working,Ali Express,,parts/RH-0068.jpg,,,,,
RH-0069,,motherboard,Formosa Industrial,LMB-486LH,,1998,Chipset: VIA VT82C496G (Pluto) | Socket: Socket 3 | Form factor: proprietary | RAM slots: 2× 72-pin SIMM | Slots: 16-bit ISA | Cache: 256KB,Working,Ali Express order 3064373772347989,22/11/2025,parts/RH-0069.jpg,,,,,
RH-0070,,motherboard,iCOP,Vortex86-6071,,2003,Chipset: SiS BGA686 (BGA686) | Socket: DIP/soldered | Form factor: PC104 | BIOS: AMI,Working,Ali Express,,parts/RH-0070.jpg,,,,,
RH-0071,,motherboard,Abit,AB-PT5,,1995,"Chipset: Intel 430FX (PCIset FX Triton I) | Socket: Socket 7 | Form factor: Baby-AT | RAM slots: 4× 72-pin SIMM | Slots: 4× 16-bit ISA, 3× PCI | Cache: 256KB | BIOS: Award",Working,,,parts/RH-0071.jpg,,,,,
RH-0072,,motherboard,Amstrad,PC2286,,1989,Socket: DIP/soldered | Form factor: proprietary | Slots: 4× 8-bit ISA | BIOS: Amstrad,Faulty,,,,,,,,
RH-0073,,motherboard,Amstrad,PC2286,,1989,Socket: DIP/soldered | Form factor: proprietary | Slots: 4× 8-bit ISA | BIOS: Amstrad,Faulty,,,,,,,,
RH-0074,,motherboard,,,Mystery 486,1994,"Chipset: Chips 4031 | Socket: Socket 3 | Form factor: Baby-AT | RAM slots: 8× 30-pin SIMM | Slots: 8-bit ISA, 2× 16-bit ISA, 3× VLB",Faulty,,,,,,"Marked ""failed"".",,
RH-0075,,motherboard,Advantech,PCA-6108 Rev A0,,2001,Form factor: Baby-AT | Slots: 8× 16-bit ISA,Working,,,,,,,,
RH-0076,,motherboard,PCChips,M918,,1995,"Chipset: ALi M1489/87 (FinALi-486 PCI Chipset) | Socket: Socket 3 | Form factor: Baby-AT | RAM slots: 4× 72-pin SIMM | Slots: 4× 16-bit ISA, 3× PCI | Cache: Fake | BIOS: AMI",Working,,,parts/RH-0076.jpg,,,Fussy?,,
RH-0077,,motherboard,TMC/MyComp/MyNix/Megastar,AI5TV v1.30,,1996,"Chipset: Intel 430VX (PCIset VX Triton II) | Socket: Socket 7 | Form factor: Baby-AT | RAM slots: 4× 72-pin SIMM, 168-pin DIMM | Slots: 3× 16-bit ISA, 4× PCI | Cache: 512KB | BIOS: Award",Working,,,parts/RH-0077.jpg,,,,,
RH-0078,,motherboard,Acer,M11A,,1995,"Chipset: Intel 440FX | Socket: Socket 8 | Form factor: AT | RAM slots: 6× 72-pin SIMM | Slots: 3× 16-bit ISA, 4× PCI | Cache: 512KB",Working,Pete from the farm,,parts/RH-0078.jpg,,,,,
RH-0079,,motherboard,Gemlight,GMB-P54SPV R0,,1995,"Socket: Socket 7 | Form factor: AT | RAM slots: 4× 72-pin SIMM | Slots: 4× 16-bit ISA, 3× PCI | BIOS: Award",Working,,,parts/RH-0079.jpg,,,,,
RH-0080,,motherboard,Asus,A7V8X-LA,,2004,"Chipset: VIA KM400A | Socket: Socket 462 | Form factor: ATX | RAM slots: 2× 184-pin DIMM | Slots: 3× PCI, AGP | BIOS: Phoenix",Working,Arcadesey - Ripped from a Compaq PC,2025,parts/RH-0080.jpg,,,,,
RH-0081,,motherboard,PCChips,M918,,1994,"Chipset: ALi M1489/87 (FinALi-486 PCI Chipset) | Socket: Socket 3 | Form factor: Baby-AT | RAM slots: 4× 72-pin SIMM | Slots: 2× 16-bit ISA, 2× VLB, 4× PCI | Cache: 256KB | BIOS: AMI",Working,,,parts/RH-0081.jpg,,,,,
RH-0082,,motherboard,Gemlight,GMB-P57SAX V0,,1997,"Chipset: SiS 5598 (Jedi Pentium PCI/ISA Chipset) | Socket: Socket 7 | Form factor: ATX | RAM slots: 4× 72-pin SIMM, 2× 168-pin DIMM | Slots: 4× 16-bit ISA, 4× PCI | Cache: 128KB | BIOS: Award",Working,,,,,,,,
RH-0083,,motherboard,QDI,P5I430VX-250DM,,1997,"Chipset: Intel 430VX (PCIset VX Triton II) | Socket: Socket 7 | Form factor: Baby-AT | RAM slots: 4× 72-pin SIMM, 168-pin DIMM | Slots: 3× 16-bit ISA, 4× PCI | Cache: 128KB | BIOS: Award",Working,,,parts/RH-0083.jpg,,,,,
RH-0084,,motherboard,Gigabyte,GA-6BXD,,1998,"Chipset: Intel 440BX | Socket: Slot 1 | Form factor: ATX | RAM slots: 4× 168-pin DIMM | Slots: 2× 16-bit ISA, 5× PCI, AGP | BIOS: Award",Working,Ex - KBnet,,parts/RH-0084.jpg,,,#neversell,,
RH-0085,,motherboard,Abit,AB-AH4T,,1995,"Chipset: SiS 85C471/407 | Socket: Socket 3 | Form factor: Baby-AT | RAM slots: 4× 72-pin SIMM | Slots: 4× 16-bit ISA, 3× VLB | Cache: 256KB | BIOS: AMI",Faulty,ex KBnet host1.kbnet.co.uk,,,,,battery damage,,
RH-0086,,motherboard,Abit,AB-AH4T,,1995,"Chipset: SiS 85C471/407 | Socket: Socket 3 | Form factor: Baby-AT | RAM slots: 4× 72-pin SIMM | Slots: 4× 16-bit ISA, 3× VLB | Cache: 256KB | BIOS: AMI",Faulty,ex KBnet darkstar.kbnet.co.uk,,parts/RH-0086.jpg,,,battery damage,,
RH-0087,,motherboard,Jetway,J-542BS,,1999,"Chipset: ALi M1542/M1543C (ALADDiN V/V+ AT) | Socket: Super Socket 7 | Form factor: Baby-AT | RAM slots: 2× 72-pin SIMM, 2× 168-pin DIMM | Slots: 2× 16-bit ISA, 3× PCI, AGP | Cache: 256KB | BIOS: Award",Working,,,parts/RH-0087.jpg,,,Super socker 7,,
RH-0088,,motherboard,Radisys,Endura LS855,,2004,"Chipset: Intel 855GME | Socket: Socket 479 | Form factor: ATX | RAM slots: 2× 184-pin DIMM | Slots: 3× PCI, AGP | Cache: 512KB | BIOS: Phoenix",Working,from Ross McK - apparently was used in a lighting desk.,05/11/2025,parts/RH-0088.jpg,,,,,
RH-0089,RH-0010,sound,Compaq,ES1868 Audio Feature Board,,1997,Chip: ESS ES1868 | Interface: 16-bit ISA,Working,,,parts/RH-0089.jpg,,"Compaq audio card built on the ESS AudioDrive ES1868 - a Sound Blaster-compatible 16-bit ISA sound card fitted to Compaq Deskpro/Presario PCs, with line-out, line-in and CD-audio inputs.",,,
RH-0090,,sound,Creative Labs,Sound Blaster Pro 2 CT1600,,1993,Interface: 8-bit ISA,Working,Stephen Usher,17/06/2026,parts/RH-0090.jpg,,Creative Sound Blaster Pro 2 (CT1600) - a stereo 8-bit ISA sound card with Yamaha OPL3 (YMF262) FM synthesis and a proprietary CD-ROM interface; a classic early-1990s DOS gaming card.,,,
RH-0091,,other,Creative Labs,Video Blaster CT6000,,1992,,Working,,,parts/RH-0091.jpg,,,,,
RH-0092,,sound,Creative Labs,Sound Blaster AWE32 CT3620,,1995,Interface: 16-bit ISA,Working,,,parts/RH-0092.jpg,,,,,
RH-0093,,sound,Creative Labs,Sound Blaster AWE64 CT4520,,1996,Interface: 16-bit ISA,Working,eBay order no. 02-14575-00917,01/05/2026,parts/RH-0093.jpg,,,has RAM upgrade installed,,
RH-0094,,floppy,NEC,FD1231T,,2000,,Working,eBay order no. 08-14610-33705,17/05/2026,parts/RH-0094.jpg,,,"Compaq branding, bezel and frame",,
RH-0095,,ram,Unknown,64-256KB Memory Cd,,1982,,Untested,,,parts/RH-0095.jpg,,,,,
RH-0096,,ram,AST,SIX PAK PLUS CARD (Type 2/3),,1984,,Untested,,,parts/RH-0096.jpg,,,,,
RH-0097,,other,Opus,32.16 Rev D3,,1986,,Untested,Stephen Usher,17/06/2026,,,,,,
RH-0098,,ram,Everex System Inc,EV-178-1,,1991,,Working,Stephen Usher,17/06/2026,parts/RH-0098.jpg,,,Fitted with 8MB,,
RH-0099,,ram,Everex System Inc,EV-159 RAM 3000 Deluxe 2.1,,1987,,Working,Stephen Usher,17/06/2026,parts/RH-0099.jpg,,,,,
RH-0100,,ram,Everex System Inc,EV-159 RAM 3000 Deluxe 2.1,,1987,,Working,eBay order no. 12-14737-41786,07/06/2026,parts/RH-0100.jpg,,,Fitted with 2.75MB RAM,,
RH-0101,,io,AST,Advantage!,,1984,"Interface: 16-bit ISA | Ports: 2× Serial, Parallel, Game",Untested,,,parts/RH-0101.jpg,,"AST Advantage! - a mid-1980s multifunction ISA card combining two serial ports, a parallel port and a game port with up to 3 MB of DRAM expansion (Advantage-Pak daughterboard).",,,
RH-0102,,ram,IBM,Parity Memory Card 128K,,1985,Type: Parity | Size: 128 KB,Untested,Stephen Usher,17/06/2026,,,IBM parity memory expansion card adding 128 KB of RAM to a PC/XT-class system.,,,
RH-0103,,ram,Unknown,Unknown Ram Card V1.1,,1987,,Untested,,,,,,"Two ""rows"" of 41256 installed",,
RH-0104,,network,3Com,Etherlink XL PCI,,1997,Interface: PCI,Working,,,parts/RH-0104.jpg,https://theretroweb.com/expansioncards/s/3com-3c900-combo,,,,
RH-0105,,network,Accton,EN1208,,1997,Interface: PCI,Working,,,parts/RH-0105.jpg,https://theretroweb.com/expansioncards/s/accton-en1208,,,,
RH-0106,,network,D-Link,DGE-528T (Rev. C1),,,Interface: PCI,Working,,,parts/RH-0106.jpg,https://theretroweb.com/expansioncards/s/d-link-dge-528t-rev-b,,,,
RH-0107,,network,Intel,Etherexpress Pro 100+ PCI,,1996,Interface: PCI,Working,,,parts/RH-0107.jpg,https://theretroweb.com/expansioncards/s/intel-etherexpress-pro-100-pci,,,,
RH-0108,,network,3Com,Etherlink III,,1996,Interface: 16-bit ISA,Working,,,parts/RH-0108.jpg,https://theretroweb.com/expansioncards/s/3com-etherlink-iii-3c509b-combo,,,,
RH-0109,,network,3Com,EtherLink III,,1993,Interface: 16-bit ISA,Working,,,parts/RH-0109.jpg,https://theretroweb.com/expansioncards/s/3com-etherlink-iii-3c509,,,,
RH-0110,,network,Allnet,All0130,,1997,Interface: 16-bit ISA,Working,,,parts/RH-0110.jpg,https://theretroweb.com/expansioncards/s/allnet-all0130,,,,
RH-0111,,network,3Com,EtherLink III,,1997,Interface: 16-bit ISA,Working,,,parts/RH-0111.jpg,https://theretroweb.com/expansioncards/s/3com-etherlink-iii-3c509b,,,,
RH-0112,,network,3Com,EtherLink III,,1994,Interface: 16-bit ISA,Working,,,parts/RH-0112.jpg,https://theretroweb.com/expansioncards/s/3com-etherlink-iii-3c509b-tpo,,,,
RH-0113,,network,3Com,3C905B-TXNM,,1999,Interface: PCI,Working,,,parts/RH-0113.jpg,https://theretroweb.com/expansioncards/s/3com-fast-etherlink-xl-pci-3c905b-tx,,,,
RH-0114,,network,3Com,3C905-TX,,1997,Interface: PCI,Working,,,parts/RH-0114.jpg,https://theretroweb.com/expansioncards/s/3com-fast-etherlink-xl-pci-3c905b-tx,,,,
RH-0115,,network,D-Link,DFE-530TX Rev C1,,2004,Interface: PCI,Working,,,parts/RH-0115.jpg,https://theretroweb.com/expansioncards/s/d-link-dfe-530tx-plus-rev-c1,,,,
RH-0116,,network,D-Link,EZ-3200PCI+,,1997,Interface: PCI,Working,,,,,,,"binned, no driver availability",
RH-0117,,network,Intel,EtherExpress ISA 2,,1996,Interface: 16-bit ISA,Working,,,parts/RH-0117.jpg,https://theretroweb.com/expansioncards/s/intel-etherexpress-isa-2-tp-bnc,,,,
RH-0118,,network,Surecom,EP-=325,,1997,Interface: PCI,Working,,,parts/RH-0118.jpg,https://theretroweb.com/expansioncards/s/surecom-ep-325-2d,,,,
RH-0119,,network,Unknown,RealTek 8019AS (NE2000 clone),,1999,Chip: Realtek RTL8019AS | Interface: 16-bit ISA,Working,,,parts/RH-0119.jpg,https://theretroweb.com/expansioncards/s/realtek-rtl8019as-pnp-clone-card,,,,
RH-0120,,network,Unknown,UM9003AF NE2000,,1994,Chip: UMC UM9003AF | Interface: 16-bit ISA,Working,,,parts/RH-0120.jpg,https://theretroweb.com/expansioncards/s/unknown-um9003af-ne2000-compatible,,,,
RH-0121,,network,Unknown,NE-12,,1996,Interface: 16-bit ISA,Working,,,parts/RH-0121.jpg,https://theretroweb.com/expansioncards/s/unknown-ne-12,,,,
RH-0122,,network,Logilink,WL0002,,2007,Interface: PCI,Working,,,parts/RH-0122.jpg,https://theretroweb.com/expansioncards/s/logilink-wl002,,,,
RH-0123,RH-0010,ram,FreddyV,PicoMEM 1,,2026,,Working,Flamelily Retro,,parts/RH-0123.jpg,https://github.com/FreddyVRetro/ISA-PicoMEM,,Provides storage and other things.,,
RH-0124,,sound,BTC,1853L,,,ES1869F | Interface: 16-bit ISA,Working,,,parts/RH-0124.jpg,https://theretroweb.com/expansioncards/s/behavior-tech-btc-1853l,,,,
RH-0125,,sound,Daewoo,ESS AudioDrive,,1993,Chip: ES1869F | Interface: 16-bit ISA,Faulty,,,,,,"damage to capacitors, should be able to fix",,
RH-0126,,sound,Creative Labs,Vibra 16 CT4180,,1998,Chip: Vibra 16C | Interface: 16-bit ISA,Working,,,parts/RH-0126.jpg,https://theretroweb.com/expansioncards/s/creative-sound-blaster-16-value-pnp-ct4180,,,,
RH-0127,,sound,Creative Labs,Sound Blaster CT4170,,1997,Chip: Vibra 16XV | Interface: 16-bit ISA,Working,,,parts/RH-0127.jpg,https://theretroweb.com/expansioncards/s/creative-soundblaster-16-wavefects-ct4170,,,,
RH-0128,,sound,DFI,Mozart 16,,1993,Chip: Oak Mozart OTI601 | Interface: 16-bit ISA,Working,,,parts/RH-0128.jpg,https://theretroweb.com/expansioncards/s/dfi-mozart-16,,,,
RH-0129,,sound,IPC,ISP-16 R2.0,,1993,Chip: Media Magic | Interface: 16-bit ISA,Working,,,parts/RH-0129.jpg,https://theretroweb.com/expansioncards/s/ipc-isp-16-r2-0,,,,
RH-0130,,sound,Media Vision,16-BIT Audio CARD,,1993,Chip: MVD121 / MVD201 | Interface: 16-bit ISA,Working,,,,https://theretroweb.com/expansioncards/s/media-vision-technology-inc-16-bit-audio-ca,,,,
RH-0131,,sound,Media Vision,Fusion CD16 REV. D,,1993,Chip: MVD101 | Interface: 16-bit ISA,Working,,,parts/RH-0131.jpg,https://theretroweb.com/expansioncards/s/media-vision-technology-inc-fusion-cd16-rev,,,,
RH-0132,,sound,Polpo,PicoGUS,,2023,Chip: RP2040 | Interface: 8-bit ISA,Working,Self-made,,parts/RH-0132.jpg,https://github.com/polpo/picogus,,,,
RH-0133,,sound,Polpo,PicoGUS,,2023,Chip: RP2040 | Interface: 8-bit ISA,Working,Self-made,,parts/RH-0132.jpg,https://github.com/polpo/picogus,,,,
RH-0134,,sound,Polpo,PicoGUS,,2023,Chip: RP2040 | Interface: 8-bit ISA,Working,Self-made,,parts/RH-0132.jpg,https://github.com/polpo/picogus,,,,
RH-0135,,sound,Polpo,PicoGUS,,2023,Chip: RP2040 | Interface: 8-bit ISA,Working,Self-made,,parts/RH-0132.jpg,https://github.com/polpo/picogus,,,,
RH-0136,,sound,Polpo,PicoGUS,,2023,Chip: RP2040 | Interface: 8-bit ISA,Working,Self-made,,parts/RH-0132.jpg,https://github.com/polpo/picogus,,,,
RH-0137,,sound,APro,Music Synthesizer Card,,2024,Chip: YM3812 | Interface: 8-bit ISA,Working,,,parts/RH-0137.jpg,https://theretroweb.com/expansioncards/s/adlib-music-synthesizer-card-mod-900808,,Modern adlib clone,,
RH-0138,,sound,Curtis Electronics,Adlib OPL2 Reproduction v1.3a Gold,,2022,Chip: YM3812 | Interface: 8-bit ISA,Working,,,parts/RH-0138.jpg,https://theretroweb.com/expansioncards/s/adlib-music-synthesizer-card-mod-900808,,Modern Adlib clone,,
RH-0139,,sound,Yamaha,YMF718-S,,1996,Chip: Yamaha OPL YMF718-S | Interface: 16-bit ISA,Working,,,parts/RH-0139.jpg,https://theretroweb.com/expansioncards/s/unknown-ymf718-s-soundcard,,,,
RH-0140,,sound,DataExpert,EPC-SYMINI01,,1997,Chip: Yamaha OPL YMF719B-S | Interface: 16-bit ISA,Working,,,parts/RH-0140.jpg,https://theretroweb.com/expansioncards/s/dataexpert-med3700,,,,
RH-0141,,sound,Zoltrix,Audio Plus 6400 PnP,,1996,Chip: CM18329A | Interface: 16-bit ISA,Working,,,,https://theretroweb.com/expansioncards/s/zoltrix-audio-plus-6400-pnp,,,,
RH-0142,,sound,Zoltrix,Audio Plus 6400 PnP,,1996,Chip: CM18329A | Interface: 16-bit ISA,Working,,,,https://theretroweb.com/expansioncards/s/zoltrix-audio-plus-6400-pnp,,,,
RH-0143,,sound,Shuttle,HOT-247,,1996,Chip: Opti 82C931 | Interface: 16-bit ISA,Working,,,parts/RH-0143.jpg,https://theretroweb.com/expansioncards/s/shuttle-hot-247,,,,
RH-0144,,sound,Shuttle,HOT-239,,1995,Chip: Opti 82C930 | Interface: 16-bit ISA,Working,,,parts/RH-0144.jpg,https://theretroweb.com/expansioncards/s/shuttle-hot-239,,,,
RH-0145,,sound,Aztech,Sound Galaxy Washington 16,,,Chip: AZT 2316 | Interface: 16-bit ISA,Working,,,parts/RH-0145.jpg,https://theretroweb.com/expansioncards/s/aztech-sound-galaxy-washington-16-2,,,,
RH-0146,,sound,Aztech,Sound Galaxy Pro 16 II,,1994,Chip: AZT1605 | Interface: 16-bit ISA,Working,,,parts/RH-0146.jpg,https://theretroweb.com/expansioncards/s/aztech-sound-galaxy-pro-16-ii,,,,
RH-0147,,sound,Labway,Labsound #T90,,,Chip: CMI8738/PCI-SX | Interface: PCI,Working,,,parts/RH-0147.jpg,https://theretroweb.com/expansioncards/s/labway-corporation-labsound-t90-oem,,,,
RH-0148,,sound,,MC1368C,,2009,Chip: CMI8738/PCI-SX | Interface: PCI,Working,,,parts/RH-0148.jpg,https://theretroweb.com/expansioncards/s/supergrace-c8738p-1,,,,
RH-0150,,sound,Creative Labs,Soundblaster SB0310 Audigy LS,,2002,Chip: Creative CA0106-DAT | Interface: PCI,Working,,,parts/RH-0150.jpg,https://en.wikipedia.org/wiki/Sound_Blaster_Audigy,"Sound Blaster Audigy is a product line of sound cards from Creative Technology. The flagship model of the Audigy family used the EMU10K2 audio DSP, an improved version of the SB-Live's EMU10K1, while the value/SE editions were built with a less-expensive audio controller.",,,
RH-0151,,sound,Ensoniq,Audio PCI 3000,,1998,Chip: ES1370 | Interface: PCI,Working,,,parts/RH-0151.jpg,https://theretroweb.com/expansioncards/s/ensoniq-audiopci-3000,,,,
RH-0152,,sound,Creative Labs,CT4750,,2003,Chip: Creative CT5880 | Interface: PCI,Working,,,parts/RH-0152.jpg,https://theretroweb.com/expansioncards/s/creative-soundblaster-vibra-128-pci-ct4750,,,,
RH-0153,,sound,Terratec,Promedia 128i PCI,,,Chip: ES1938S | Interface: PCI,Working,,,parts/RH-0153.jpg,https://theretroweb.com/expansioncards/s/terratec-promedia-128-i-pci-variant-1,,,,
RH-0149,,sound,Media Chips,PRO16,,1995,Chip: OPTi 82C929A | Interface: 16-bit ISA,Working,,,parts/RH-0149.jpg,https://theretroweb.com/expansioncards/s/media-chips-pro16,,,,
RH-0154,,gpu,Dispalign,FGA9502,,1996,Chip: CL-GD6205-65QC-A | Interface: 16-bit ISA,Working,Came inside scrapped ISDN analyser,,,,,Comes with matching TFT screen,,
RH-0155,,motherboard,Amstrad,PCW 256,,1988,Chipset: Amstrad 40028 | Socket: DIP/soldered | Form factor: proprietary,Working,Job lot of Amstrad stuff,,parts/RH-0155.jpg,https://en.wikipedia.org/wiki/Amstrad_PCW,"The Amstrad PCW series is a range of personal computers produced by British company Amstrad from 1985 to 1998, and also sold under licence in Europe as the ""Joyce"" by the German electronics company Schneider in the early years of the series' life. The PCW, short for Personal Computer Word-processor, was targeted at the word processing and home office markets. When it was launched, the cost of a PCW system was under 25% of the cost of almost all PC compatibles in the UK, and as a result the machine was very popular both in the UK and in Europe. The series sold 8 million units. The last two models, introduced in the mid-1990s, were commercial failures, because of falling prices, greater capabilities, and wider range of software for PC compatibles.",,,
RH-0156,,motherboard,Amstrad,PCW 256,,1988,Chipset: Amstrad 40028 | Socket: DIP/soldered | Form factor: proprietary,Working,Job lot of Amstrad stuff,,parts/RH-0155.jpg,https://en.wikipedia.org/wiki/Amstrad_PCW,"The Amstrad PCW series is a range of personal computers produced by British company Amstrad from 1985 to 1998, and also sold under licence in Europe as the ""Joyce"" by the German electronics company Schneider in the early years of the series' life. The PCW, short for Personal Computer Word-processor, was targeted at the word processing and home office markets. When it was launched, the cost of a PCW system was under 25% of the cost of almost all PC compatibles in the UK, and as a result the machine was very popular both in the UK and in Europe. The series sold 8 million units. The last two models, introduced in the mid-1990s, were commercial failures, because of falling prices, greater capabilities, and wider range of software for PC compatibles.",,,
RH-0157,,motherboard,Amstrad,PCW 256,,1988,Chipset: Amstrad 40028 | Socket: DIP/soldered | Form factor: proprietary,Working,Job lot of Amstrad stuff,,parts/RH-0155.jpg,https://en.wikipedia.org/wiki/Amstrad_PCW,"The Amstrad PCW series is a range of personal computers produced by British company Amstrad from 1985 to 1998, and also sold under licence in Europe as the ""Joyce"" by the German electronics company Schneider in the early years of the series' life. The PCW, short for Personal Computer Word-processor, was targeted at the word processing and home office markets. When it was launched, the cost of a PCW system was under 25% of the cost of almost all PC compatibles in the UK, and as a result the machine was very popular both in the UK and in Europe. The series sold 8 million units. The last two models, introduced in the mid-1990s, were commercial failures, because of falling prices, greater capabilities, and wider range of software for PC compatibles.",,,
RH-0158,,motherboard,Amstrad,PCW 256,,1988,Chipset: Amstrad 40028 | Socket: DIP/soldered | Form factor: proprietary,Working,Job lot of Amstrad stuff,,parts/RH-0155.jpg,https://en.wikipedia.org/wiki/Amstrad_PCW,"The Amstrad PCW series is a range of personal computers produced by British company Amstrad from 1985 to 1998, and also sold under licence in Europe as the ""Joyce"" by the German electronics company Schneider in the early years of the series' life. The PCW, short for Personal Computer Word-processor, was targeted at the word processing and home office markets. When it was launched, the cost of a PCW system was under 25% of the cost of almost all PC compatibles in the UK, and as a result the machine was very popular both in the UK and in Europe. The series sold 8 million units. The last two models, introduced in the mid-1990s, were commercial failures, because of falling prices, greater capabilities, and wider range of software for PC compatibles.",,,
RH-0159,,other,ION-PC,Digitizer II,,1994,,Working,,,,,,,,
RH-0160,,gpu,Trident,Trident 9750 4MB,,1997,Chip: 3DImage9750 | Interface: PCI,Working,,,parts/RH-0160.jpg,https://theretroweb.com/expansioncards/s/jaton-82077c-v3,,runs SGRAM,,
RH-0161,,gpu,ATI,PCI Mach 643,,1995,Chip: ATI Mach 64 | Interface: PCI,Working,,,parts/RH-0161.jpg,https://theretroweb.com/expansioncards/s/ati-mach-64-ct,,,,
RH-0162,,gpu,Club3D,CGA-216TV,,1999,Chip: ATI Rage Mobility-P | Interface: AGP,Working,,,parts/RH-0162.jpg,https://theretroweb.com/expansioncards/s/club3d-cga-216tv,,,,
RH-0163,,gpu,AGATech,MVGA-542X,,1994,Chip: CL-GD5428 | Interface: VLB,Working,,,parts/RH-0163.jpg,https://theretroweb.com/expansioncards/s/agatech-mvga-542x,,,,
RH-0164,,gpu,ATI,Radeon 9700 Pro 128MB,,2002,Chip: ATI Radeon 9700 Pro | Interface: AGP,Working,,,parts/RH-0164.jpg,https://theretroweb.com/expansioncards/s/ati-radeon-9700-pro-128mb,,,,
RH-0165,,gpu,AGATech,MVGA-542X,,1994,Chip: CL-GD5428 | Interface: VLB,Working,,,parts/RH-0163.jpg,https://theretroweb.com/expansioncards/s/agatech-mvga-542x,,,,
RH-0166,,gpu,ATI,Rage IIC,,1998,Chip: ATI Rage IIC AGP | Interface: AGP,Working,,,parts/RH-0166.jpg,https://theretroweb.com/expansioncards/s/ati-rage-iic-agp-sdram,,,,
RH-0167,,gpu,Nvidia,GeForce2 MX400,,2001,Chip: GeForce2 MX | Interface: AGP,Working,,,parts/RH-0167.jpg,https://theretroweb.com/expansioncards/s/manli-m-gf200-64,,,,
RH-0168,,gpu,3Dfx,Voodoo 3 2000 PCI,,2000,Chip: 3Dfx Agenger | Interface: PCI,Working,,2025,parts/RH-0168.jpg,https://theretroweb.com/expansioncards/s/3dfx-voodoo-3-2000-pci,,,,
